{"training loss": 6.18776635825634, "validation_loss": 0.0, "_timestamp": 1668688004.6080387, "_runtime": 148.78816962242126, "_step": 67}